corridor,link_id,weekdays_averaged,raw_observations,daily_p995_flow_vph,daily_p95_speed_mph,lanes,length_mi,network_capacity_vph,order_index,detector_id
D12_I405_N,L405N-126,23,6624,7294.620000000003,70.4,1,0.7053,2000.0,63,1201430.0
D12_I405_N,L405N-063,23,6623,7353.360000000008,72.3,6,0.2336,12000.0,55,1201453.0
D12_I405_N,L405N-071,23,6623,8556.0,71.3,6,0.2896,12000.0,69,1201606.0
D12_I405_N,L405N-016,23,12093,6960.0,68.9,5,0.6301,10000.0,70,1201637.0
D12_I405_N,L405N-074,23,13246,8304.0,71.0,5,0.6257,10000.0,73,1222259.0
D12_I405_N,L405N-027,23,6623,9816.0,71.0,8,0.2517,16000.0,84,1201959.0
D12_I405_N,L405N-100,23,6623,8388.0,71.7,6,0.2206,12000.0,58,1214080.0
D12_I405_N,L405N-017,23,6623,5568.0,70.7,4,0.6761,8000.0,51,1209204.0
D12_I405_N,L405N-116,23,6623,9972.0,70.5,2,0.0826,4000.0,68,1222078.0
D12_I405_N,L405N-001,23,6623,11014.680000000004,70.8,8,1.0545,16000.0,83,1221388.0
D12_I405_N,L405N-091,23,6623,11842.680000000004,70.1,8,0.2666,16000.0,85,1222530.0
D12_I405_N,L405N-110,23,6623,9540.0,71.2,2,4.8287,4000.0,86,1222843.0
D12_I405_N,L405N-076,23,6623,10174.680000000004,71.4,5,0.4548,10000.0,71,1222695.0
D12_I405_N,L405N-087,23,6623,9660.0,71.1,6,0.0802,12000.0,75,1222740.0
D12_I405_N,L405N-080,23,6623,8794.680000000004,72.0,5,0.8345,10000.0,81,1222906.0
D12_I405_N,L405N-002,23,13246,7764.0,72.6,5,0.9681,10000.0,82,1222949.0
D12_I405_N,L405N-086,23,6623,9586.680000000004,71.1,6,0.1087,12000.0,87,1223026.0
D12_I405_N,L405N-095,23,3167,7838.040000000001,72.4,5,0.2392,10000.0,77,1201787.0
D12_I405_N,L405N-065,23,4319,7828.919999999998,69.5,5,0.292,10000.0,59,1222677.0
D12_I405_N,L405N-120,23,2004,7187.819999999999,69.0,6,0.0267,12000.0,88,1222784.0
D12_I405_N,L405N-112,23,1726,8130.0,71.8,2,0.7133,4000.0,79,1222360.0
D12_I405_N,L405N-134,23,3167,8724.0,68.6,2,1.7324,4000.0,72,1201705.0
D12_I405_N,L405N-062,23,282,6592.559999999999,69.9,5,0.3299,10000.0,54,1214238.0
D12_I405_N,L405N-066,23,1727,10648.439999999999,71.2,7,0.1765,14000.0,66,1222231.0
D12_I405_S,L405S-020,23,6336,9247.799999999996,72.4,6,0.1603,12000.0,18,1201419.0
D12_I405_S,L405S-041,23,13246,9393.299999999996,71.9,6,0.1255,12000.0,25,1201497.0
D12_I405_S,L405S-004,23,6623,10798.680000000004,70.8,8,0.1317,16000.0,26,1201525.0
D12_I405_S,L405S-117,23,6623,9120.0,71.5,2,0.9296,4000.0,27,1201558.0
D12_I405_S,L405S-005,23,6623,10198.680000000004,71.4,7,0.0789,14000.0,29,1201589.0
D12_I405_S,L405S-108,23,45407,9960.0,71.1699999999997,2,2.6905,4000.0,30,1222595.0
D12_I405_S,L405S-114,23,6623,7113.360000000008,69.5,2,0.6413,4000.0,33,1201805.0
D12_I405_S,L405S-110,23,26483,13056.0,70.5,2,4.7156,4000.0,41,1223081.0
D12_I405_S,L405S-115,23,4607,8172.0,71.0,2,0.0503,4000.0,32,1222327.0
D12_I405_S,L405S-132,23,6623,9226.680000000004,71.7,2,1.2794,4000.0,31,1222749.0
D12_I405_S,L405S-024,23,6911,8789.399999999998,71.4,5,0.9227,10000.0,39,1222909.0
D12_I405_S,L405S-001,23,6623,8016.0,71.7,5,0.6052,10000.0,43,1223027.0
D12_I405_S,L405S-030,23,1440,7327.620000000005,70.60499999999999,5,0.5679,10000.0,38,1201883.0
D12_I405_S,L405S-003,23,1727,7320.0,72.2,5,0.3473,10000.0,40,1222136.0
D12_I405_S,L405S-112,23,3168,7908.0,71.7,2,1.0756,4000.0,34,1222822.0
D12_I405_S,L405S-028,23,576,8551.5,71.4,5,0.4343,10000.0,35,1222862.0
D12_I405_S,L405S-127,23,1728,6049.14,71.0,5,0.3418,10000.0,36,1201867.0
D12_I405_S,L405S-023,23,576,8745.0,74.125,5,0.5331,10000.0,37,1222845.0
D12_I5_N,L5N-186,23,6624,5388.0,70.0,4,0.9035,8000.0,0,1204198.0
D12_I5_N,L5N-182,23,6624,5880.0,70.7,4,0.3411,8000.0,1,1204211.0
D12_I5_N,L5N-018,23,6624,5493.240000000005,71.0,4,0.2715,8000.0,5,1204230.0
D12_I5_N,L5N-080,23,6621,6216.0,69.0,4,0.3318,8000.0,9,1204244.0
D12_I5_N,L5N-125,23,6624,5616.0,70.3,5,0.2517,10000.0,17,1204268.0
D12_I5_N,L5N-122,23,11520,6168.0,70.7,5,0.43,10000.0,20,1204279.0
D12_I5_N,L5N-171,23,6604,6264.0,70.3,5,0.2846,10000.0,27,1204316.0
D12_I5_N,L5N-057,23,6624,5374.620000000003,70.9,5,0.4548,10000.0,38,1204372.0
D12_I5_N,L5N-021,23,6336,6576.0,70.3,5,0.3132,10000.0,40,1204384.0
D12_I5_N,L5N-185,23,6336,6720.0,69.0,5,0.4847,10000.0,42,1204395.0
D12_I5_N,L5N-173,23,6336,7392.0,70.5,5,0.4461,10000.0,43,1204409.0
D12_I5_N,L5N-174,23,13248,7092.0,70.9,5,0.5108,10000.0,48,1220030.0
D12_I5_N,L5N-014,23,2304,9725.820000000002,73.8,6,0.2585,12000.0,55,1204436.0
D12_I5_N,L5N-062,23,6624,9288.0,73.3,7,0.2591,14000.0,56,1204447.0
D12_I5_N,L5N-209,23,6624,9130.620000000003,73.2,7,0.6363,14000.0,58,1204453.0
D12_I5_N,L5N-119,23,6624,6156.0,68.9,5,0.2877,10000.0,64,1221985.0
D12_I5_N,L5N-117,23,11520,5940.0,70.4,5,0.6798,10000.0,66,1204486.0
D12_I5_N,L5N-115,23,6624,6442.620000000003,70.0,5,0.3393,10000.0,71,1204515.0
D12_I5_N,L5N-007,23,13247,7515.720000000016,68.4,5,1.1172,10000.0,72,1204532.0
D12_I5_N,L5N-006,23,6620,6708.0,69.1,5,0.1087,10000.0,75,1221835.0
D12_I5_N,L5N-114,23,5756,6864.0,69.3,5,0.1839,10000.0,78,1204559.0
D12_I5_N,L5N-187,23,5994,10669.259999999995,72.0,7,0.1268,14000.0,84,1204586.0
D12_I5_N,L5N-145,23,6622,11892.0,70.0,7,0.2896,14000.0,93,1204638.0
D12_I5_N,L5N-106,23,6624,9958.620000000003,72.1,5,0.0901,10000.0,100,1204672.0
D12_I5_N,L5N-090,23,6624,10039.860000000008,72.1,5,0.3766,10000.0,101,1204682.0
D12_I5_N,L5N-061,23,6624,10006.620000000003,72.0,6,0.1877,12000.0,104,1204697.0
D12_I5_N,L5N-140,23,10612,6827.3399999999965,71.0,5,0.3598,10000.0,113,1204731.0
D12_I5_N,L5N-167,23,6624,7788.0,73.3,6,0.3691,12000.0,114,1204766.0
D12_I5_N,L5N-010,23,5967,7776.0,73.3,6,0.2597,12000.0,127,1204861.0
D12_I5_N,L5N-165,23,6255,8612.759999999995,72.5,7,0.2492,14000.0,129,1204878.0
D12_I5_N,L5N-133,23,12510,8556.0,73.0,6,0.3815,12000.0,132,1204924.0
D12_I5_N,L5N-163,23,6255,9072.0,72.6,6,1.0445,12000.0,133,1204950.0
D12_I5_N,L5N-162,23,6255,7889.5199999999895,70.6,6,0.2541,12000.0,134,1204982.0
D12_I5_N,L5N-178,23,6255,9132.0,72.4,7,0.1678,14000.0,137,1205012.0
D12_I5_N,L5N-028,23,5966,8270.100000000002,72.975,6,0.0851,12000.0,143,1205045.0
D12_I5_N,L5N-161,23,6255,9036.0,72.0,7,0.2287,14000.0,149,1205088.0
D12_I5_N,L5N-035,23,6543,7263.48,70.0,5,0.2349,10000.0,164,1205168.0
D12_I5_N,L5N-134,23,3520,9650.580000000007,72.50499999999997,7,0.0982,14000.0,167,1205175.0
D12_I5_N,L5N-233,23,2944,9576.0,72.3,5,0.1473,10000.0,169,1205193.0
D12_I5_N,L5N-131,23,3520,10104.0,72.8,6,0.2728,12000.0,170,1205204.0
D12_I5_N,L5N-132,23,8249,9864.0,72.3,7,0.192,14000.0,173,1205215.0
D12_I5_N,L5N-230,23,6579,9456.0,72.2,7,0.0547,14000.0,179,1205262.0
D12_I5_N,L5N-042,23,6579,9204.0,74.6,8,0.0764,16000.0,180,1205269.0
D12_I5_N,L5N-159,23,6579,8689.319999999996,71.6,5,0.5139,10000.0,190,1205303.0
D12_I5_N,L5N-072,23,13158,5928.0,70.1,4,0.3511,8000.0,191,1205320.0
D12_I5_N,L5N-242,23,6579,6888.0,72.6,7,0.1274,14000.0,200,1205341.0
D12_I5_N,L5N-043,23,6579,7704.0,72.3,6,0.064,12000.0,199,1205375.0
D12_I5_N,L5N-045,23,5463,7480.55999999999,72.88999999999997,6,0.2877,12000.0,204,1205380.0
D12_I5_N,L5N-146,23,6579,6792.0,70.3,5,0.2386,10000.0,221,1205432.0
D12_I5_N,L5N-129,23,6579,7308.0,68.5,5,0.5157,10000.0,223,1205452.0
D12_I5_N,L5N-070,23,6579,7848.0,70.1,5,0.3859,10000.0,224,1205473.0
D12_I5_N,L5N-190,23,6579,8100.0,73.3,6,0.0597,12000.0,228,1205493.0
D12_I5_N,L5N-148,23,13158,7824.0,69.9,5,0.6046,10000.0,230,1212649.0
D12_I5_N,L5N-152,23,5463,8400.0,73.4,6,0.4113,12000.0,232,1205528.0
D12_I5_N,L5N-144,23,6579,7260.0,70.0,6,0.2237,12000.0,235,1205553.0
D12_I5_N,L5N-235,23,6579,7609.319999999996,73.6,6,0.3517,12000.0,236,1205562.0
D12_I5_N,L5N-147,23,5462,8160.0,72.6,6,0.4418,12000.0,237,1205567.0
D12_I5_N,L5N-191,23,13158,7589.1600000000035,71.4,6,0.3188,12000.0,244,1205607.0
D12_I5_N,L5N-101,23,10204,7271.820000000007,73.0,6,0.4051,12000.0,247,1205623.0
D12_I5_N,L5N-095,23,6624,4932.0,69.3,5,0.2405,10000.0,15,1210908.0
D12_I5_N,L5N-025,23,6336,8163.899999999998,70.6,5,0.3076,10000.0,47,1210926.0
D12_I5_N,L5N-050,23,9216,8508.0,73.0,6,0.6475,12000.0,52,1210974.0
D12_I5_N,L5N-056,23,6624,6502.620000000003,70.5,5,0.4163,10000.0,60,1211107.0
D12_I5_N,L5N-248,23,6579,6408.0,70.2,6,0.0298,12000.0,213,1212001.0
D12_I5_N,L5N-135,23,6579,7237.319999999996,69.9,6,0.0472,12000.0,215,1212115.0
D12_I5_N,L5N-128,23,5463,7680.0,73.2,6,0.3082,12000.0,219,1212216.0
D12_I5_N,L5N-086,23,6624,11292.0,71.9,7,0.6133,14000.0,86,1213527.0
D12_I5_N,L5N-116,23,6624,7680.0,73.0,6,0.6425,12000.0,67,1213570.0
D12_I5_N,L5N-238,23,5462,5160.0,70.6,5,0.0895,10000.0,241,1214005.0
D12_I5_N,L5N-142,23,6577,7140.0,73.6,6,0.1572,12000.0,251,1216538.0
D12_I5_N,L5N-138,23,6254,8009.639999999992,72.2,7,0.2082,14000.0,123,1220011.0
D12_I5_N,L5N-155,23,570,545.579999999999,71.2,5,0.448,10000.0,185,1205290.0
D12_I5_N,L5N-054,23,666,392.09999999999945,69.0,5,0.2287,10000.0,214,1205409.0
D12_I5_N,L5N-252,23,3875,8527.560000000001,72.7,1,0.128,2000.0,256,1205680.0
D12_I5_N,L5N-192,23,3881,6600.0,70.9,5,0.0876,10000.0,249,1205658.0
D12_I5_N,L5N-188,23,5738,6555.779999999995,73.3,5,0.0659,10000.0,28,1204328.0
D12_I5_N,L5N-051,23,3968,5880.0,69.1,3,0.458,6000.0,107,1204703.0
D12_I5_N,L5N-225,23,7690,7320.0,71.1,5,0.3393,10000.0,118,1204787.0
D12_I5_N,L5N-166,23,3679,9441.960000000005,73.3,5,0.2293,10000.0,119,1204825.0
D12_I5_N,L5N-038,23,3968,9123.96,72.8,6,0.1858,12000.0,155,1205135.0
D12_I5_N,L5N-034,23,3988,8665.560000000001,72.6,6,0.1976,12000.0,158,1205152.0
D12_I5_N,L5N-157,23,4554,9000.0,74.2,6,0.0951,12000.0,161,1205165.0
D12_I5_N,L5N-074,23,4896,6798.299999999996,71.3,5,0.5617,10000.0,26,1204301.0
D12_I5_N,L5N-079,23,4896,6816.0,71.5,5,0.42,10000.0,24,1221232.0
D12_I5_N,L5N-111,23,288,10090.38,75.6,6,0.2249,12000.0,88,1204615.0
D12_I5_N,L5N-026,23,288,10802.58,73.4,6,0.233,12000.0,90,1204632.0
D12_I5_N,L5N-158,23,279,10309.800000000003,71.21,7,0.2057,14000.0,159,1205157.0
D12_I5_N,L5N-236,23,288,7210.92,69.66499999999999,6,0.0385,12000.0,234,1212588.0
D12_I5_N,L5N-073,23,3168,6828.0,69.5,4,0.1435,8000.0,11,1204255.0
D12_I5_N,L5N-130,23,3123,6597.359999999997,71.7,6,0.0746,12000.0,240,1205590.0
D12_I5_S,L5S-190,23,6624,5794.620000000003,68.8,4,0.6748,8000.0,0,1204193.0
D12_I5_S,L5S-179,23,6624,5328.0,69.8,5,0.2734,10000.0,2,1204216.0
D12_I5_S,L5S-048,23,6624,4908.0,71.0,5,0.3237,10000.0,7,1204273.0
D12_I5_S,L5S-278,23,6604,7272.0,71.3,6,0.1317,12000.0,12,1204345.0
D12_I5_S,L5S-101,23,6624,5782.620000000003,74.1,6,0.0541,12000.0,13,1204357.0
D12_I5_S,L5S-051,23,13248,7800.0,72.5,5,1.2266,10000.0,15,1211075.0
D12_I5_S,L5S-017,23,6624,7474.620000000003,71.9,5,0.197,10000.0,16,1204401.0
D12_I5_S,L5S-053,23,6624,6744.0,70.1,5,0.4337,10000.0,18,1204415.0
D12_I5_S,L5S-009,23,13536,9120.0,73.0,6,0.8786,12000.0,19,1210972.0
D12_I5_S,L5S-010,23,6624,10284.0,72.0,7,0.2069,14000.0,21,1204442.0
D12_I5_S,L5S-052,23,6624,9070.620000000003,72.7,7,0.6176,14000.0,22,1204458.0
D12_I5_S,L5S-125,23,6624,5722.620000000003,69.5,5,0.4666,10000.0,26,1204478.0
D12_I5_S,L5S-122,23,13248,6528.0,69.2,5,0.7351,10000.0,28,1204507.0
D12_I5_S,L5S-085,23,6620,7524.0,68.7,5,0.4542,10000.0,30,1221851.0
D12_I5_S,L5S-002,23,6620,7666.859999999997,68.1,5,0.092,10000.0,31,1221819.0
D12_I5_S,L5S-280,23,6624,10642.620000000003,71.5,6,0.5232,12000.0,38,1204643.0
D12_I5_S,L5S-093,23,9511,10308.0,72.1,6,0.4809,12000.0,39,1204650.0
D12_I5_S,L5S-054,23,6624,8926.620000000003,72.2,7,0.3741,14000.0,40,1204688.0
D12_I5_S,L5S-152,23,6624,4560.0,69.6,5,0.3088,10000.0,43,1204716.0
D12_I5_S,L5S-065,23,6624,7342.620000000003,70.7,5,0.2355,10000.0,44,1204761.0
D12_I5_S,L5S-146,23,6543,8622.96,73.18999999999997,6,0.2392,12000.0,48,1204841.0
D12_I5_S,L5S-154,23,6255,7668.0,73.5,6,0.1647,12000.0,49,1204869.0
D12_I5_S,L5S-173,23,6255,8736.0,72.3,7,0.3244,14000.0,50,1204886.0
D12_I5_S,L5S-156,23,6255,8388.0,72.4,6,0.2734,12000.0,51,1204904.0
D12_I5_S,L5S-252,23,6255,9000.0,72.7,6,1.3005,12000.0,52,1204944.0
D12_I5_S,L5S-022,23,5967,9014.04,71.7,7,0.0286,14000.0,55,1205028.0
D12_I5_S,L5S-028,23,6255,8268.0,72.5,6,0.1845,12000.0,56,1205062.0
D12_I5_S,L5S-174,23,6543,7275.48,73.7,5,0.0963,10000.0,61,1205169.0
D12_I5_S,L5S-260,23,3520,8856.0,73.6,6,0.2169,12000.0,62,1205182.0
D12_I5_S,L5S-036,23,3520,8824.860000000002,74.4,5,0.3039,10000.0,63,1205189.0
D12_I5_S,L5S-137,23,3520,9364.860000000002,73.7,6,0.1783,12000.0,64,1205200.0
D12_I5_S,L5S-091,23,3520,9364.860000000002,73.7,8,0.1168,16000.0,65,1205211.0
D12_I5_S,L5S-142,23,6579,9144.0,72.7,5,0.2386,10000.0,66,1205230.0
D12_I5_S,L5S-262,23,6579,9168.0,72.8,5,0.1299,10000.0,67,1205246.0
D12_I5_S,L5S-185,23,6579,7849.319999999996,73.7,5,0.1864,10000.0,68,1205276.0
D12_I5_S,L5S-086,23,13158,6722.580000000002,70.8,4,0.3181,8000.0,69,1205286.0
D12_I5_S,L5S-264,23,6579,5448.0,71.0,6,0.1255,12000.0,70,1205310.0
D12_I5_S,L5S-197,23,3744,7743.419999999998,70.8,5,0.1734,10000.0,71,1205324.0
D12_I5_S,L5S-062,23,6579,6108.0,73.4,5,0.1877,10000.0,72,1205335.0
D12_I5_S,L5S-220,23,6579,9096.0,69.9,8,0.0298,16000.0,73,1205349.0
D12_I5_S,L5S-041,23,6579,8341.319999999996,72.8,7,0.0255,14000.0,74,1205364.0
D12_I5_S,L5S-196,23,5463,7940.279999999995,73.8,5,0.1106,10000.0,76,1205384.0
D12_I5_S,L5S-226,23,6579,7272.0,70.0,5,0.2498,10000.0,77,1205395.0
D12_I5_S,L5S-049,23,6579,7273.319999999996,68.8,6,0.146,12000.0,78,1205421.0
D12_I5_S,L5S-135,23,6579,7488.0,70.6,5,0.2218,10000.0,81,1205440.0
D12_I5_S,L5S-161,23,2880,7296.0,70.7,5,0.522,10000.0,82,1205463.0
D12_I5_S,L5S-066,23,5463,7832.279999999995,74.0,6,0.4455,12000.0,87,1205532.0
D12_I5_S,L5S-067,23,6579,8616.0,67.1,5,0.3231,10000.0,88,1205541.0
D12_I5_S,L5S-107,23,5462,7956.0,73.2,7,0.6121,14000.0,90,1205572.0
D12_I5_S,L5S-267,23,6579,5533.319999999996,70.7,5,0.1143,10000.0,93,1205612.0
D12_I5_S,L5S-240,23,6579,7536.0,72.3,6,0.2454,12000.0,95,1205627.0
D12_I5_S,L5S-096,23,3913,6480.0,73.6,6,0.315,12000.0,96,1205632.0
D12_I5_S,L5S-199,23,6624,7584.0,70.1,5,0.2467,10000.0,17,1210141.0
D12_I5_S,L5S-178,23,6624,5388.0,69.9,4,0.2722,8000.0,1,1210841.0
D12_I5_S,L5S-013,23,6624,5578.620000000003,69.9,4,0.2374,8000.0,3,1210856.0
D12_I5_S,L5S-069,23,6624,6499.860000000008,69.7,4,0.233,8000.0,4,1210872.0
D12_I5_S,L5S-077,23,6624,4920.0,70.8,5,0.2647,10000.0,6,1210882.0
D12_I5_S,L5S-147,23,6604,4752.0,69.5,5,0.1355,10000.0,11,1210895.0
D12_I5_S,L5S-055,23,6624,4918.620000000003,70.2,5,0.0628,10000.0,14,1211623.0
D12_I5_S,L5S-005,23,6624,6142.620000000003,68.5,5,0.5207,10000.0,24,1222000.0
D12_I5_S,L5S-277,23,6579,7524.0,70.5,6,0.1255,12000.0,75,1212094.0
D12_I5_S,L5S-083,23,6579,7896.0,73.5,6,0.0404,12000.0,79,1212116.0
D12_I5_S,L5S-149,23,5463,8180.279999999995,73.5,6,0.458,12000.0,80,1212218.0
D12_I5_S,L5S-272,23,6579,9829.319999999996,72.0,5,0.0547,10000.0,89,1212611.0
D12_I5_S,L5S-071,23,6624,5412.0,70.7,5,0.3324,10000.0,8,1213229.0
D12_I5_S,L5S-058,23,6624,10296.0,69.5,6,0.5033,12000.0,35,1213528.0
D12_I5_S,L5S-123,23,6624,6288.0,69.5,5,0.2939,10000.0,27,1213571.0
D12_I5_S,L5S-121,23,6624,6696.0,69.1,6,0.2753,12000.0,29,1213699.0
D12_I5_S,L5S-181,23,5462,4980.0,71.3,4,0.4107,8000.0,92,1214006.0
D12_I5_S,L5S-068,23,6579,5580.0,70.8,5,0.1839,10000.0,94,1216506.0
D12_I5_S,L5S-095,23,6577,7453.439999999999,73.5,6,0.2256,12000.0,98,1216530.0
D12_I5_S,L5S-045,23,4160,6470.459999999999,70.9,5,0.2604,10000.0,99,1205668.0
D12_I5_S,L5S-165,23,3881,6662.399999999998,70.5,5,0.2212,10000.0,97,1216589.0
D12_I5_S,L5S-084,23,6033,8688.0,73.3,6,0.2778,12000.0,53,1204967.0
D12_I5_S,L5S-187,23,2879,7183.3200000000015,69.0,5,0.2206,10000.0,85,1212645.0
D12_I5_S,L5S-079,23,7396,10764.599999999991,72.6,7,0.4847,14000.0,41,1204695.0
D12_I5_S,L5S-249,23,3696,8492.70000000001,73.2,6,0.0994,12000.0,45,1204781.0
D12_I5_S,L5S-239,23,3681,9043.199999999999,72.0,7,0.0715,14000.0,47,1204816.0
D12_I5_S,L5S-158,23,5741,7875.600000000002,73.2,6,0.3163,12000.0,54,1204997.0
D12_I5_S,L5S-223,23,5434,9920.04,73.0,8,0.2206,16000.0,57,1205105.0
D12_I5_S,L5S-035,23,3686,10080.0,73.9,6,0.1939,12000.0,58,1205122.0
D12_I5_S,L5S-061,23,3988,10536.78,71.7,7,0.1547,14000.0,59,1205139.0
D12_I5_S,L5S-033,23,9984,6720.0,70.6,5,0.4611,10000.0,60,1208976.0
D12_I5_S,L5S-063,23,3968,5400.0,69.5,4,0.3834,8000.0,42,1211853.0
D12_I5_S,L5S-205,23,3122,7583.699999999999,74.4,6,0.2044,12000.0,46,1204798.0
D12_I5_S,L5S-132,23,4896,6612.0,72.0,6,0.1081,12000.0,10,1204306.0
D12_I5_S,L5S-130,23,4896,6480.0,72.3,5,0.356,10000.0,9,1221233.0
D12_I5_S,L5S-191,23,576,9277.5,74.2,6,0.1199,12000.0,33,1204565.0
D12_I5_S,L5S-136,23,3123,7506.719999999994,73.5,6,0.1901,12000.0,91,1205583.0
D12_I5_S,L5S-050,23,1151,7386.0,70.8,5,0.2517,10000.0,5,1210909.0
D12_I5_S,L5S-271,23,864,7268.219999999999,70.58499999999998,7,0.0634,14000.0,83,1205478.0
D7_I10_E,L10E-169,23,6624,6322.620000000003,70.6,4,0.4213,8000.0,91,716085.0
D7_I10_E,L10E-233,23,6336,9087.899999999998,75.9,5,0.3766,10000.0,92,716087.0
D7_I10_E,L10E-303,23,12960,6840.0,71.2,1,0.5543,2000.0,124,717190.0
D7_I10_E,L10E-187,23,6624,6214.620000000003,69.9,4,0.2367,8000.0,90,717070.0
D7_I10_E,L10E-028,23,6624,5616.0,70.4,4,0.0727,8000.0,96,717075.0
D7_I10_E,L10E-214,23,6624,5988.0,70.6,4,0.0889,8000.0,95,717077.0
D7_I10_E,L10E-222,23,6624,5796.0,70.4,4,0.0684,8000.0,98,717083.0
D7_I10_E,L10E-069,23,6047,8352.0,67.6,4,0.6462,8000.0,99,717084.0
D7_I10_E,L10E-217,23,6624,5902.620000000003,70.4,4,0.1118,8000.0,97,717089.0
D7_I10_E,L10E-221,23,6624,6156.0,70.4,4,0.115,8000.0,100,717093.0
D7_I10_E,L10E-073,23,6624,6288.0,68.7,4,0.0615,8000.0,101,717097.0
D7_I10_E,L10E-349,23,5445,8550.719999999994,70.8,6,0.1069,12000.0,119,717165.0
D7_I10_E,L10E-351,23,13248,6381.179999999993,71.2,1,0.8836,2000.0,121,717174.0
D7_I10_E,L10E-106,23,5759,6132.0,71.2,5,0.1609,10000.0,122,717179.0
D7_I10_E,L10E-308,23,6624,6492.0,70.3,1,0.5263,2000.0,123,763695.0
D7_I10_E,L10E-304,23,6624,6826.620000000003,70.3,4,0.1802,8000.0,125,717195.0
D7_I10_E,L10E-258,23,6624,6996.0,73.9,5,0.1255,10000.0,131,717219.0
D7_I10_E,L10E-178,23,6048,6573.180000000004,70.8,4,0.3672,8000.0,137,717241.0
D7_I10_E,L10E-337,23,6624,6456.0,72.7,1,0.5126,2000.0,139,717247.0
D7_I10_E,L10E-331,23,6336,5808.0,70.5,1,0.5195,2000.0,141,717251.0
D7_I10_E,L10E-329,23,2646,6018.600000000002,70.7,1,0.2784,2000.0,142,717254.0
D7_I10_E,L10E-100,23,6621,6948.0,72.7,6,0.146,12000.0,133,763479.0
D7_I10_E,L10E-311,23,6624,6900.0,70.9,1,0.028,2000.0,127,764217.0
D7_I10_E,L10E-333,23,6048,5796.0,72.7,1,0.1566,2000.0,140,768328.0
D7_I10_E,L10E-326,23,6048,6801.180000000004,71.0,5,0.5114,10000.0,143,774729.0
D7_I10_E,L10E-216,23,6336,6543.899999999998,72.2,5,0.2672,10000.0,118,775552.0
D7_I10_E,L10E-002,23,5760,6638.459999999999,69.2,5,0.11,10000.0,126,717198.0
D7_I10_E,L10E-253,23,288,6237.9,71.765,5,0.2231,10000.0,130,717214.0
D7_I10_W,L10W-190,23,6624,6300.0,69.3,4,0.7643,8000.0,38,717065.0
D7_I10_W,L10W-302,23,6624,7306.620000000003,70.5,4,0.4461,8000.0,40,716088.0
D7_I10_W,L10W-292,23,6048,6540.0,69.3,4,0.4412,8000.0,47,716101.0
D7_I10_W,L10W-068,23,6624,6396.0,71.0,4,0.0684,8000.0,45,717087.0
D7_I10_W,L10W-291,23,6624,6396.0,70.9,4,0.1081,8000.0,46,717091.0
D7_I10_W,L10W-071,23,6624,6382.620000000003,67.5,4,0.2802,8000.0,48,717095.0
D7_I10_W,L10W-301,23,6624,6334.620000000003,70.3,4,0.1578,8000.0,49,717101.0
D7_I10_W,L10W-312,23,6624,6574.620000000003,70.6,5,0.0615,10000.0,50,717108.0
D7_I10_W,L10W-169,23,6624,6348.0,70.1,4,0.1417,8000.0,51,717112.0
D7_I10_W,L10W-315,23,6624,6358.620000000003,70.8,4,0.0764,8000.0,52,717116.0
D7_I10_W,L10W-147,23,6624,6322.620000000003,70.4,6,0.2206,12000.0,60,717142.0
D7_I10_W,L10W-124,23,6624,6370.620000000003,73.5,5,0.0087,10000.0,62,717150.0
D7_I10_W,L10W-297,23,6624,7908.0,71.5,5,0.1752,10000.0,63,717154.0
D7_I10_W,L10W-262,23,6624,7092.0,70.8,4,0.2958,8000.0,67,717160.0
D7_I10_W,L10W-116,23,6579,12759.959999999988,72.7,5,0.0789,10000.0,68,717162.0
D7_I10_W,L10W-296,23,4597,8124.0,76.6,5,0.2212,10000.0,69,717167.0
D7_I10_W,L10W-084,23,6624,6648.0,70.9,4,0.1541,8000.0,74,717176.0
D7_I10_W,L10W-109,23,6624,6756.0,71.0,4,0.0621,8000.0,76,717187.0
D7_I10_W,L10W-107,23,6624,6636.0,70.5,4,0.2765,8000.0,77,717192.0
D7_I10_W,L10W-001,23,3989,6985.439999999999,71.7,5,0.0746,10000.0,79,717196.0
D7_I10_W,L10W-371,23,6624,6946.620000000003,70.8,5,0.1417,10000.0,80,717200.0
D7_I10_W,L10W-385,23,6336,7812.0,71.1,1,1.5485,2000.0,95,717240.0
D7_I10_W,L10W-383,23,6624,7560.0,69.8,1,1.2365,2000.0,97,717245.0
D7_I10_W,L10W-221,23,6623,7092.0,71.3,4,0.1703,8000.0,98,717246.0
D7_I10_W,L10W-099,23,6048,6597.180000000004,72.3,4,0.1193,8000.0,99,717249.0
D7_I10_W,L10W-395,23,6048,6456.0,71.0,1,0.5014,2000.0,101,717252.0
D7_I10_W,L10W-388,23,6047,6648.0,72.0,4,0.1833,8000.0,105,717258.0
D7_I10_W,L10W-248,23,6336,6387.899999999998,70.6,4,0.1883,8000.0,100,768339.0
D7_I10_W,L10W-232,23,6333,6368.1600000000035,70.6,4,0.2181,8000.0,102,768349.0
D7_I10_W,L10W-086,23,6048,7344.0,70.96499999999996,5,0.2175,10000.0,103,774728.0
D7_I10_W,L10W-377,23,4896,6576.0,71.8,1,0.0068,2000.0,70,775029.0
D7_I10_W,L10W-306,23,287,7836.839999999996,70.77,5,0.1889,10000.0,75,716146.0
D7_I10_W,L10W-164,23,2016,7116.0,69.9,5,0.0267,10000.0,81,763731.0
D7_I210_E,L210E-260,23,6335,5415.959999999999,70.5,4,0.0255,8000.0,274,716142.0
D7_I210_E,L210E-243,23,6624,5760.0,70.0,4,0.5648,8000.0,105,717617.0
D7_I210_E,L210E-042,23,6624,5340.0,69.0,4,0.0466,8000.0,118,717625.0
D7_I210_E,L210E-304,23,6622,8386.739999999994,72.0,5,0.0354,10000.0,140,717638.0
D7_I210_E,L210E-145,23,6624,8050.620000000003,71.0,5,0.3275,10000.0,144,717640.0
D7_I210_E,L210E-170,23,6624,7752.0,72.7,5,0.1727,10000.0,156,717646.0
D7_I210_E,L210E-008,23,6624,7104.0,73.1,5,0.2312,10000.0,167,717650.0
D7_I210_E,L210E-009,23,6624,6804.0,69.9,4,0.2983,8000.0,171,717654.0
D7_I210_E,L210E-319,23,6332,7092.0,71.0,4,0.0671,8000.0,187,717672.0
D7_I210_E,L210E-141,23,17280,6492.0,71.1,4,0.2877,8000.0,252,765477.0
D7_I210_E,L210E-220,23,6624,6900.0,69.3,4,0.5325,8000.0,256,765486.0
D7_I210_E,L210E-139,23,6624,5710.620000000003,69.1,4,0.1516,8000.0,232,769772.0
D7_I210_E,L210E-051,23,6624,5674.620000000003,69.9,4,0.2635,8000.0,100,769788.0
D7_I210_E,L210E-203,23,6624,4702.620000000003,69.7,4,0.174,8000.0,96,769806.0
D7_I210_E,L210E-052,23,6048,6444.0,69.3,4,0.2635,8000.0,92,769819.0
D7_I210_E,L210E-172,23,6624,5614.620000000003,69.3,4,0.2635,8000.0,91,769831.0
D7_I210_E,L210E-206,23,5760,4310.459999999999,71.1,6,0.3567,12000.0,79,769847.0
D7_I210_E,L210E-070,23,12672,8520.0,71.5,4,0.6742,8000.0,75,769880.0
D7_I210_E,L210E-065,23,6048,6237.180000000004,71.2,4,0.1031,8000.0,63,769895.0
D7_I210_E,L210E-035,23,6306,5652.0,70.5,4,0.3355,8000.0,53,770089.0
D7_I210_E,L210E-173,23,6624,5349.240000000005,70.1,4,0.315,8000.0,87,770385.0
D7_I210_E,L210E-168,23,6624,2868.0,71.1,2,0.2218,4000.0,121,770578.0
D7_I210_E,L210E-314,23,5760,7968.0,73.5,6,0.1964,12000.0,237,772857.0
D7_I210_E,L210E-224,23,6624,6408.0,72.3,4,0.2871,8000.0,258,772917.0
D7_I210_E,L210E-136,23,8627,7428.0,70.0,4,0.5244,8000.0,267,772932.0
D7_I210_E,L210E-128,23,4896,6486.299999999996,68.825,5,0.2193,10000.0,219,761165.0
D7_I210_E,L210E-245,23,6336,6252.0,72.5,4,0.2989,8000.0,230,761191.0
D7_I210_E,L210E-237,23,6336,6816.0,70.0,4,0.4816,8000.0,240,761206.0
D7_I210_E,L210E-231,23,6048,6696.0,70.9,5,0.4281,10000.0,244,761220.0
D7_I210_E,L210E-046,23,5760,6374.459999999999,70.3,4,0.3281,8000.0,37,770061.0
D7_I210_W,L210W-004,23,6624,5268.0,69.1,4,0.3244,8000.0,29,717622.0
D7_I210_W,L210W-150,23,6624,8194.620000000003,72.8,5,0.1584,10000.0,36,717637.0
D7_I210_W,L210W-001,23,6316,7500.0,72.7,5,0.2442,10000.0,39,717649.0
D7_I210_W,L210W-211,23,6624,6994.620000000003,71.8,4,0.2355,8000.0,42,717661.0
D7_I210_W,L210W-129,23,6336,6192.0,70.8,4,0.2349,8000.0,43,773179.0
D7_I210_W,L210W-155,23,6624,6130.620000000003,71.7,4,0.0988,8000.0,44,717664.0
D7_I210_W,L210W-141,23,7200,5772.0,71.1,4,0.5822,8000.0,53,769722.0
D7_I210_W,L210W-305,23,13242,7173.540000000001,71.4,4,0.5269,8000.0,57,717674.0
D7_I210_W,L210W-222,23,6624,7068.0,72.1,5,0.453,10000.0,59,717676.0
D7_I210_W,L210W-182,23,6621,7102.799999999996,75.0,5,0.1075,10000.0,60,717678.0
D7_I210_W,L210W-113,23,6624,6516.0,71.5,4,0.1268,8000.0,65,717686.0
D7_I210_W,L210W-132,23,6624,6780.0,71.5,4,0.0087,8000.0,50,718210.0
D7_I210_W,L210W-154,23,6624,6600.0,72.0,4,0.2324,8000.0,49,761356.0
D7_I210_W,L210W-299,23,6624,6168.0,71.1,5,0.2218,10000.0,51,761374.0
D7_I210_W,L210W-202,23,6345,12735.359999999997,73.2,4,0.2778,8000.0,26,769807.0
D7_I210_W,L210W-221,23,6624,6814.620000000003,70.2,5,0.7208,10000.0,19,769867.0
D7_I210_W,L210W-238,23,6624,5902.620000000003,70.7,4,0.5449,8000.0,24,769953.0
D7_I210_W,L210W-054,23,6624,4896.0,70.2,4,0.4219,8000.0,17,769965.0
D7_I210_W,L210W-038,23,6624,6216.0,70.4,4,0.1939,8000.0,27,770000.0
D7_I210_W,L210W-052,23,6624,6453.240000000005,70.6,4,0.0547,8000.0,16,770129.0
D7_I210_W,L210W-022,23,6624,6072.0,71.0,4,0.0261,8000.0,14,770187.0
D7_I210_W,L210W-251,23,6336,4956.0,69.2,3,0.3585,6000.0,6,770243.0
D7_I210_W,L210W-028,23,6624,5626.620000000003,69.5,5,0.0304,10000.0,30,770568.0
D7_I210_W,L210W-167,23,6624,3862.6200000000026,69.2,6,0.1721,12000.0,32,770579.0
D7_I210_W,L210W-106,23,6624,2652.0,69.8,4,0.092,8000.0,54,775795.0
D7_I210_W,L210W-301,23,5746,6360.0,70.9,4,0.1342,8000.0,45,717669.0
D7_I210_W,L210W-233,23,6334,6820.02,71.9,4,0.2423,8000.0,61,717682.0
D7_I210_W,L210W-291,23,6336,6459.899999999998,72.4,4,0.1435,8000.0,63,717685.0
D7_I210_W,L210W-112,23,6336,6396.0,72.4,4,0.2523,8000.0,66,717688.0
D7_I210_W,L210W-143,23,6336,6807.899999999998,71.8,5,0.0696,10000.0,68,717694.0
D7_I210_W,L210W-265,23,864,4344.0,72.18499999999999,4,0.0864,8000.0,69,769744.0
D7_I210_W,L210W-256,23,6336,8707.799999999996,72.525,6,0.2684,12000.0,20,769926.0
D7_I210_W,L210W-234,23,4896,6840.0,70.5,4,0.2983,8000.0,62,772902.0
D7_I210_W,L210W-108,23,6336,7359.899999999998,72.1,4,0.5269,8000.0,67,772933.0
D7_I210_W,L210W-053,23,4320,6724.859999999997,72.4,4,2.6912,8000.0,15,770141.0
D7_I210_W,L210W-159,23,2592,6552.0,68.0,4,0.0323,8000.0,9,770545.0
D7_I210_W,L210W-072,23,854,8293.740000000002,72.73499999999999,5,0.3573,10000.0,37,717642.0
D7_I210_W,L210W-298,23,1152,8968.259999999897,69.5,5,0.1529,10000.0,55,772858.0
D7_I210_W,L210W-058,23,722,6969.48,73.3,4,0.2759,8000.0,18,769911.0
D7_I210_W,L210W-065,23,864,6328.439999999999,70.48499999999999,4,0.3244,8000.0,12,770290.0
D7_I405_N,L405N-129,21,5472,6828.0,74.3,4,0.1678,8000.0,126,716663.0
D7_I405_N,L405N-069,21,5184,7152.0,71.0,4,0.1286,8000.0,163,717752.0
D7_I405_N,L405N-076,21,5760,7752.0,71.1,5,0.0845,10000.0,182,717760.0
D7_I405_N,L405N-273,21,5760,5712.0,69.2,3,0.1081,6000.0,338,717814.0
D7_I405_N,L405N-215,21,11232,7860.0,74.24499999999989,5,0.1423,10000.0,114,718259.0
D7_I405_N,L405N-135,21,3452,7097.879999999997,71.5,4,0.0976,8000.0,255,718292.0
D7_I405_N,L405N-241,21,5760,7500.0,72.0,4,0.1442,8000.0,232,764583.0
D7_I405_N,L405N-122,21,5760,8942.46,73.1,6,0.5524,12000.0,324,775137.0
D7_I405_N,L405N-217,21,3744,9156.0,72.9,5,0.2846,10000.0,196,716689.0
D7_I405_N,L405N-098,21,5472,8887.739999999994,75.0,6,0.663,12000.0,283,716714.0
D7_I405_N,L405N-115,21,4889,9678.720000000005,71.9,6,0.5021,12000.0,334,775120.0
D7_I405_N,L405N-220,21,568,7517.939999999999,71.6,5,0.1715,10000.0,190,717763.0
D7_I405_S,L405S-061,22,5184,6780.0,70.1,4,0.2243,8000.0,43,717753.0
D7_I405_S,L405S-001,22,2862,8480.340000000002,74.4,5,0.1485,10000.0,32,718258.0
D7_I405_S,L405S-234,22,5472,6984.0,68.3,5,0.2355,10000.0,60,718287.0
D7_I405_S,L405S-392,22,5760,7670.459999999999,73.1,1,0.2964,2000.0,67,718296.0
D7_I405_S,L405S-425,22,5472,6211.739999999994,69.9,4,0.051,8000.0,51,761552.0
D7_I405_S,L405S-231,22,5760,7144.919999999998,70.0,4,0.3188,8000.0,59,764578.0
D7_I405_S,L405S-084,22,4320,8244.0,69.1,4,0.1653,8000.0,64,764671.0
D7_I405_S,L405S-087,22,9778,8508.0,72.51499999999996,5,0.5872,10000.0,69,772527.0
D7_I405_S,L405S-336,22,5469,9000.0,74.6,5,0.0112,10000.0,33,772999.0
D7_I405_S,L405S-417,22,5760,7886.459999999999,71.2,1,1.0712,2000.0,86,775121.0
D7_I405_S,L405S-073,22,5184,8967.060000000001,72.5,5,0.243,10000.0,48,717766.0
D7_I405_S,L405S-226,22,1152,9661.979999999978,71.1,4,0.0907,8000.0,56,765153.0
