corridor,link_id,i0,i1,t0_min,T2_min,t3_min,P_h,v_t2_mph,mu_vph,mu_over_C,period,bins,window_type,wraps_midnight,touches_edge
D12_I405_N,L405N-001,184,225,920.0,985.0,1125.0,3.4166666666666665,36.1695652173913,9595.565217391304,0.9265178615958686,PM,41,normal,False,False
D12_I405_N,L405N-002,194,207,970.0,990.0,1035.0,1.0833333333333333,48.6695652173913,6856.173913043478,0.9504455235993974,PM,13,normal,False,False
D12_I405_N,L405N-016,174,232,870.0,1080.0,1160.0,4.833333333333333,35.44761904761906,5845.714285714286,0.8983587828072747,PM,58,normal,False,False
D12_I405_N,L405N-027,178,226,890.0,970.0,1130.0,4.0,34.708695652173915,8203.04347826087,0.896864951447505,PM,48,normal,False,False
D12_I405_N,L405N-063,178,228,890.0,1055.0,1140.0,4.166666666666666,33.695652173913054,5703.652173913043,0.8206486367188468,PM,50,normal,False,False
D12_I405_N,L405N-065,195,218,975.0,1050.0,1090.0,1.9166666666666665,43.94,4986.0,0.7295527692277979,PM,23,normal,False,False
D12_I405_N,L405N-071,176,232,880.0,1025.0,1160.0,4.666666666666666,32.10000000000001,6303.130434782609,0.798146972412695,PM,56,normal,False,False
D12_I405_N,L405N-074,189,226,945.0,1060.0,1130.0,3.083333333333333,38.14565217391304,6811.173913043478,0.9400189123474082,PM,37,normal,False,False
D12_I405_N,L405N-076,93,111,465.0,525.0,555.0,1.5,44.21739130434783,7596.260869565218,0.7663241599356603,AM,18,normal,False,False
D12_I405_N,L405N-086,188,220,940.0,1055.0,1100.0,2.6666666666666665,43.77391304347825,7948.695652173913,0.898252225805339,PM,32,normal,False,False
D12_I405_N,L405N-087,199,224,995.0,1070.0,1120.0,2.083333333333333,42.44347826086957,8484.260869565218,0.9339321204247795,PM,25,normal,False,False
D12_I405_N,L405N-091,177,229,885.0,970.0,1145.0,4.333333333333333,30.13478260869565,10508.347826086956,0.950195301673209,PM,52,normal,False,False
D12_I405_N,L405N-095,192,229,960.0,1065.0,1145.0,3.083333333333333,36.081818181818186,6361.090909090909,0.8765270827477042,PM,37,normal,False,False
D12_I405_N,L405N-100,181,225,905.0,1065.0,1125.0,3.6666666666666665,44.69130434782609,6606.782608695652,0.8259743258505569,PM,44,normal,False,False
D12_I405_N,L405N-110,173,235,865.0,975.0,1175.0,5.166666666666666,14.65217391304348,8006.869565217392,0.8972132106920758,PM,62,normal,False,False
D12_I405_N,L405N-116,175,232,875.0,1055.0,1160.0,4.75,23.3304347826087,7922.608695652174,0.8604859578155049,PM,57,normal,False,False
D12_I405_N,L405N-126,207,216,1035.0,1055.0,1080.0,0.75,43.15652173913043,5909.217391304348,0.8539465623674662,PM,9,normal,False,False
D12_I405_N,L405N-134,208,220,1040.0,1075.0,1100.0,1.0,43.79090909090909,7639.636363636364,0.9086656705902044,PM,12,normal,False,False
D12_I405_S,L405S-004,86,117,430.0,470.0,585.0,2.583333333333333,25.98695652173913,8740.173913043478,0.8378293557861465,AM,31,normal,False,False
D12_I405_S,L405S-005,87,115,435.0,520.0,575.0,2.333333333333333,22.10434782608696,8079.652173913043,0.8169427791880582,AM,28,normal,False,False
D12_I405_S,L405S-020,88,112,440.0,530.0,560.0,2.0,43.21363636363637,7693.090909090909,0.9112785909296638,AM,24,normal,False,False
D12_I405_S,L405S-024,81,90,405.0,420.0,450.0,0.75,46.15000000000001,7310.5,0.8624986800897362,AM,9,normal,False,False
D12_I405_S,L405S-108,90,109,450.0,490.0,545.0,1.5833333333333333,44.82075471698114,6284.452830188679,0.8068017488827256,AM,19,normal,False,False
D12_I405_S,L405S-112,84,96,420.0,455.0,480.0,1.0,38.78181818181818,5129.454545454545,0.7009687143142522,AM,12,normal,False,False
D12_I405_S,L405S-114,81,119,405.0,460.0,595.0,3.1666666666666665,27.95652173913044,4039.8260869565215,0.6073901091035171,AM,38,normal,False,False
D12_I405_S,L405S-115,80,120,400.0,470.0,600.0,3.333333333333333,14.587500000000002,4710.375,0.5946142463154367,AM,40,normal,False,False
D12_I405_S,L405S-117,86,117,430.0,470.0,585.0,2.583333333333333,25.482608695652175,7165.04347826087,0.8063161924355529,AM,31,normal,False,False
D12_I405_S,L405S-132,80,118,400.0,475.0,590.0,3.1666666666666665,18.813043478260877,5949.391304347826,0.6718157022706994,AM,38,normal,False,False
D12_I5_N,L5N-010,174,204,870.0,905.0,1020.0,2.5,41.14285714285714,6012.0,0.8401217421925812,PM,30,normal,False,False
D12_I5_N,L5N-028,92,112,460.0,475.0,560.0,1.6666666666666665,42.675,6600.0,0.8291957303958027,AM,20,normal,False,False
D12_I5_N,L5N-028,161,230,805.0,1035.0,1150.0,5.75,36.48095238095238,5123.4,0.6436820310772509,PM,69,normal,False,False
D12_I5_N,L5N-035,172,231,860.0,1045.0,1155.0,4.916666666666666,33.426086956521736,4612.695652173913,0.6675155638490604,PM,59,normal,False,False
D12_I5_N,L5N-038,151,230,755.0,1085.0,1150.0,6.583333333333333,43.47692307692308,6264.0,0.726838728927346,PM,79,long,False,False
D12_I5_N,L5N-042,209,221,1045.0,1070.0,1105.0,1.0,47.16521739130435,7048.173913043478,0.7970607463070521,PM,12,normal,False,False
D12_I5_N,L5N-043,179,236,895.0,1055.0,1180.0,4.75,25.065217391304348,5471.478260869565,0.7589716719088568,PM,57,normal,False,False
D12_I5_N,L5N-045,176,236,880.0,1060.0,1180.0,5.0,32.14736842105264,5729.684210526316,0.8155310480724628,PM,60,normal,False,False
D12_I5_N,L5N-072,202,224,1010.0,1070.0,1120.0,1.8333333333333333,44.29782608695651,4411.826086956522,0.8153968840190504,PM,22,normal,False,False
D12_I5_N,L5N-128,176,234,880.0,960.0,1170.0,4.833333333333333,38.6421052631579,6561.157894736842,0.9040116851026687,PM,58,normal,False,False
D12_I5_N,L5N-131,166,237,830.0,1015.0,1185.0,5.916666666666666,34.40833333333334,6714.5,0.695600611125402,PM,71,normal,False,False
D12_I5_N,L5N-132,164,238,820.0,1060.0,1190.0,6.166666666666666,32.910714285714285,6806.571428571429,0.730881884173798,PM,74,long,False,False
D12_I5_N,L5N-133,95,107,475.0,510.0,535.0,1.0,45.95238095238095,6278.0,0.7768348473952275,AM,12,normal,False,False
D12_I5_N,L5N-133,166,218,830.0,960.0,1090.0,4.333333333333333,36.563636363636355,5828.590909090909,0.7212253152903546,PM,52,normal,False,False
D12_I5_N,L5N-134,169,237,845.0,1045.0,1185.0,5.666666666666666,13.46666666666666,6249.5,0.672315562259664,PM,68,normal,False,False
D12_I5_N,L5N-135,173,235,865.0,935.0,1175.0,5.166666666666666,38.26818181818182,5423.739130434782,0.7874662909432475,PM,62,normal,False,False
D12_I5_N,L5N-138,176,215,880.0,895.0,1075.0,3.25,33.94545454545455,6598.636363636364,0.904717994969925,MD,39,normal,False,False
D12_I5_N,L5N-146,176,234,880.0,970.0,1170.0,4.833333333333333,34.75652173913044,5939.739130434783,0.9522503077070421,PM,58,normal,False,False
D12_I5_N,L5N-157,177,229,885.0,1055.0,1145.0,4.333333333333333,41.51875,6040.875,0.713790075087756,PM,52,normal,False,False
D12_I5_N,L5N-159,192,226,960.0,1060.0,1130.0,2.833333333333333,43.47826086956522,6779.217391304348,0.8162397377177703,PM,34,normal,False,False
D12_I5_N,L5N-161,91,113,455.0,515.0,565.0,1.8333333333333333,39.542857142857144,7380.857142857143,0.8554594117152992,AM,22,normal,False,False
D12_I5_N,L5N-161,150,234,750.0,1095.0,1170.0,7.0,33.30909090909091,6081.272727272727,0.7048343964748798,PM,84,long,False,False
D12_I5_N,L5N-162,164,173,820.0,840.0,865.0,0.75,43.96190476190476,6045.714285714285,0.7998084528166617,MD,9,normal,False,False
D12_I5_N,L5N-162,179,225,895.0,945.0,1125.0,3.833333333333333,42.81818181818182,5589.545454545454,0.7394603004167964,PM,46,normal,False,False
D12_I5_N,L5N-163,92,110,460.0,500.0,550.0,1.5,36.26666666666667,6944.571428571428,0.8047152801185159,AM,18,normal,False,False
D12_I5_N,L5N-163,164,226,820.0,925.0,1130.0,5.166666666666666,18.859090909090902,6224.727272727273,0.7213019842125123,PM,62,normal,False,False
D12_I5_N,L5N-165,94,104,470.0,495.0,520.0,0.8333333333333333,46.08571428571428,6476.0,0.8152618632182953,AM,10,normal,False,False
D12_I5_N,L5N-165,171,215,855.0,900.0,1075.0,3.6666666666666665,36.43181818181819,6633.818181818182,0.8351295508277479,PM,44,normal,False,False
D12_I5_N,L5N-178,93,111,465.0,510.0,555.0,1.5,29.47619047619048,7310.285714285715,0.8498241802163766,AM,18,normal,False,False
D12_I5_N,L5N-178,166,227,830.0,985.0,1135.0,5.083333333333333,17.186363636363637,6266.181818181818,0.7284466072669017,PM,61,normal,False,False
D12_I5_N,L5N-230,149,238,745.0,1060.0,1190.0,7.416666666666666,34.29130434782609,6728.608695652174,0.7441929979555106,PM,89,long,False,False
D12_I5_N,L5N-233,142,190,945.0,960.0,1185.0,4.0,39.77,5925.6,0.6466890492178012,PM,48,normal,False,False
D12_I5_N,L5N-242,179,235,895.0,1055.0,1175.0,4.666666666666666,26.234782608695653,4992.782608695652,0.7835561914864408,PM,56,normal,False,False
D12_I5_N,L5N-248,173,237,865.0,1050.0,1185.0,5.333333333333333,28.991304347826087,4606.434782608696,0.7559392474513058,PM,64,normal,False,False
D12_I5_S,L5S-028,89,112,445.0,480.0,560.0,1.9166666666666665,41.495238095238086,7010.571428571428,0.9027576608071889,AM,23,normal,False,False
D12_I5_S,L5S-028,204,212,1020.0,1025.0,1060.0,0.6666666666666666,48.45909090909091,7633.090909090909,0.9829200606581224,PM,8,normal,False,False
D12_I5_S,L5S-033,80,112,400.0,455.0,560.0,2.6666666666666665,37.80285714285716,5160.727272727273,0.8474067216692861,AM,32,normal,False,False
D12_I5_S,L5S-033,206,219,1030.0,1060.0,1095.0,1.0833333333333333,38.08235294117647,5567.64705882353,0.9142241572157235,PM,13,normal,False,False
D12_I5_S,L5S-035,79,85,395.0,415.0,425.0,0.5,49.23846153846154,8408.76923076923,0.9124297329193621,AM,6,normal,False,False
D12_I5_S,L5S-035,101,109,505.0,535.0,545.0,0.6666666666666666,49.01666666666668,8114.653846153846,0.8805154759731596,AM,8,normal,False,False
D12_I5_S,L5S-036,76,124,380.0,475.0,620.0,4.0,21.73076923076923,6888.923076923077,0.8158123074190221,AM,48,normal,False,False
D12_I5_S,L5S-036,209,217,1045.0,1065.0,1085.0,0.6666666666666666,41.34166666666666,7586.0,0.8983627912484827,PM,8,normal,False,False
D12_I5_S,L5S-041,91,99,455.0,470.0,495.0,0.6666666666666666,46.90434782608696,7003.304347826087,0.8807216891904749,AM,8,normal,False,False
D12_I5_S,L5S-049,88,98,440.0,460.0,490.0,0.8333333333333333,41.32608695652175,6156.0,0.8941267941360014,AM,10,normal,False,False
D12_I5_S,L5S-061,79,113,395.0,470.0,565.0,2.833333333333333,37.89285714285714,8677.714285714286,0.8742901358241333,AM,34,normal,False,False
D12_I5_S,L5S-061,204,219,1020.0,1070.0,1095.0,1.25,41.40714285714286,9193.714285714286,0.92627775551656,PM,15,normal,False,False
D12_I5_S,L5S-062,90,113,450.0,505.0,565.0,1.9166666666666665,34.434782608695656,4440.782608695652,0.7804072531159214,AM,23,normal,False,False
D12_I5_S,L5S-066,76,116,380.0,460.0,580.0,3.333333333333333,19.968421052631577,6147.157894736842,0.8346488316302721,AM,40,normal,False,False
D12_I5_S,L5S-067,90,100,450.0,475.0,500.0,0.8333333333333333,39.94347826086956,5276.869565217391,0.681005598843085,AM,10,normal,False,False
D12_I5_S,L5S-068,83,112,415.0,495.0,560.0,2.4166666666666665,28.243478260869573,3593.7391304347825,0.7058616054578508,AM,29,normal,False,False
D12_I5_S,L5S-083,88,101,440.0,460.0,505.0,1.0833333333333333,39.243478260869566,7116.521739130435,0.9553486567335622,AM,13,normal,False,False
D12_I5_S,L5S-084,91,115,455.0,485.0,575.0,2.0,43.8,7313.714285714286,0.9094383539585021,AM,24,normal,False,False
D12_I5_S,L5S-086,76,124,380.0,510.0,620.0,4.0,24.241304347826087,5056.304347826087,0.788110419626867,AM,48,normal,False,False
D12_I5_S,L5S-086,195,219,975.0,1045.0,1095.0,2.0,33.87826086956522,5251.565217391304,0.818545123565508,PM,24,normal,False,False
D12_I5_S,L5S-091,81,113,405.0,520.0,565.0,2.6666666666666665,44.76153846153847,7384.0,0.8211428720761937,AM,32,normal,False,False
D12_I5_S,L5S-093,195,217,975.0,1045.0,1085.0,1.8333333333333333,38.46969696969697,8709.090909090908,0.9249916721783167,PM,22,normal,False,False
D12_I5_S,L5S-107,77,120,385.0,470.0,600.0,3.583333333333333,16.768421052631584,5865.473684210527,0.7950830851265085,AM,43,normal,False,False
D12_I5_S,L5S-107,178,212,890.0,960.0,1060.0,2.833333333333333,35.45789473684211,7136.526315789473,0.9673781975220181,PM,34,normal,False,False
D12_I5_S,L5S-135,89,98,445.0,455.0,490.0,0.75,42.99565217391305,6637.565217391304,0.9420340293317496,AM,9,normal,False,False
D12_I5_S,L5S-136,80,114,400.0,470.0,570.0,2.833333333333333,14.572727272727276,4881.272727272727,0.696642508504659,AM,34,normal,False,False
D12_I5_S,L5S-137,76,123,380.0,485.0,615.0,3.9166666666666665,23.492307692307687,7478.076923076923,0.82878877058779,AM,47,normal,False,False
D12_I5_S,L5S-137,210,217,1050.0,1065.0,1085.0,0.5833333333333333,43.016666666666666,8043.5,0.8914541191266528,PM,7,normal,False,False
D12_I5_S,L5S-142,76,122,380.0,515.0,610.0,3.833333333333333,38.21304347826086,7320.521739130435,0.8523899998633114,AM,46,normal,False,False
D12_I5_S,L5S-142,196,220,980.0,1060.0,1100.0,2.0,42.21739130434783,7646.086956521739,0.8902983000496635,PM,24,normal,False,False
D12_I5_S,L5S-149,89,100,445.0,460.0,500.0,0.9166666666666666,40.742105263157896,7343.0526315789475,0.9463549077127946,AM,11,normal,False,False
D12_I5_S,L5S-158,90,116,450.0,475.0,580.0,2.1666666666666665,42.115,6504.6,0.8830545329548931,AM,26,normal,False,False
D12_I5_S,L5S-161,82,105,410.0,455.0,525.0,1.9166666666666665,39.41,6393.6,0.9285958908586114,AM,23,normal,False,False
D12_I5_S,L5S-173,97,116,485.0,515.0,580.0,1.5833333333333333,44.2857142857143,7166.285714285715,0.8560979314322967,AM,19,normal,False,False
D12_I5_S,L5S-173,214,220,1070.0,1080.0,1100.0,0.5,44.90454545454545,7175.181818181818,0.8571606766879148,PM,6,normal,False,False
D12_I5_S,L5S-174,78,117,390.0,450.0,585.0,3.25,34.66086956521739,5594.181818181818,0.8238851819349078,AM,39,normal,False,False
D12_I5_S,L5S-174,205,219,1025.0,1060.0,1095.0,1.1666666666666665,38.68260869565217,6224.347826086957,0.9166931122000098,PM,14,normal,False,False
D12_I5_S,L5S-181,79,117,395.0,455.0,585.0,3.1666666666666665,10.010526315789471,3025.894736842105,0.6562736505421574,AM,38,normal,False,False
D12_I5_S,L5S-185,76,125,380.0,515.0,625.0,4.083333333333333,13.386956521739128,5926.695652173914,0.7951720571520073,AM,49,normal,False,False
D12_I5_S,L5S-185,189,221,945.0,1040.0,1105.0,2.6666666666666665,26.45217391304347,6689.217391304348,0.8974779651169403,PM,32,normal,False,False
D12_I5_S,L5S-187,76,104,380.0,430.0,520.0,2.333333333333333,39.59,5362.2,0.8102888643081219,AM,28,normal,False,False
D12_I5_S,L5S-187,226,261,1135.0,1250.0,1310.0,2.9166666666666665,29.5,2781.6000000000004,0.42033111501985604,NT,35,normal,False,False
D12_I5_S,L5S-187,274,282,1375.0,1390.0,1415.0,0.6666666666666666,42.77,2518.8,0.38061907266034417,NT,8,normal,False,False
D12_I5_S,L5S-196,87,106,435.0,455.0,530.0,1.5833333333333333,36.64736842105263,6887.368421052632,0.9159799655689715,AM,19,normal,False,False
D12_I5_S,L5S-197,85,117,425.0,500.0,585.0,2.6666666666666665,32.90769230769231,5666.7692307692305,0.8047785941216684,AM,32,normal,False,False
D12_I5_S,L5S-220,92,108,460.0,470.0,540.0,1.3333333333333333,40.978260869565226,7547.478260869565,0.8687242166934253,AM,16,normal,False,False
D12_I5_S,L5S-223,106,112,530.0,535.0,560.0,0.5,47.87894736842105,7956.631578947368,0.8818760060495097,AM,6,normal,False,False
D12_I5_S,L5S-240,87,113,435.0,525.0,565.0,2.1666666666666665,35.60000000000001,5184.0,0.7346796791960576,AM,26,normal,False,False
D12_I5_S,L5S-252,81,116,405.0,515.0,580.0,2.9166666666666665,43.19999999999999,7298.4,0.8695375277408621,AM,35,normal,False,False
D12_I5_S,L5S-260,77,121,385.0,525.0,605.0,3.6666666666666665,41.55384615384616,7037.538461538462,0.829902807448679,AM,44,normal,False,False
D12_I5_S,L5S-262,77,87,385.0,415.0,435.0,0.8333333333333333,48.06521739130435,6830.869565217392,0.7849255916918093,AM,10,normal,False,False
D12_I5_S,L5S-262,88,122,440.0,535.0,610.0,2.833333333333333,43.26521739130436,7422.782608695652,0.8529414850486439,AM,34,normal,False,False
D12_I5_S,L5S-262,195,221,975.0,1000.0,1105.0,2.1666666666666665,45.769565217391296,7538.086956521739,0.8661909451031704,PM,26,normal,False,False
D12_I5_S,L5S-264,77,121,385.0,520.0,605.0,3.6666666666666665,15.265217391304349,4051.304347826087,0.7750901110879312,AM,44,normal,False,False
D12_I5_S,L5S-264,201,215,1005.0,1050.0,1075.0,1.1666666666666665,34.25652173913044,4221.913043478261,0.8077307377879639,PM,14,normal,False,False
D12_I5_S,L5S-267,82,114,410.0,470.0,570.0,2.6666666666666665,24.100000000000005,3569.478260869565,0.6981408861601952,AM,32,normal,False,False
D12_I5_S,L5S-272,77,120,385.0,460.0,600.0,3.583333333333333,12.217391304347828,7218.521739130434,0.7763018507130384,AM,43,normal,False,False
D12_I5_S,L5S-272,178,213,890.0,960.0,1065.0,2.9166666666666665,40.08695652173912,8676.521739130434,0.9330996189048337,PM,35,normal,False,False
D12_I5_S,L5S-277,89,102,445.0,465.0,510.0,1.0833333333333333,43.826086956521735,6412.695652173913,0.8995905961540125,AM,13,normal,False,False
D12_I5_S,L5S-280,208,216,1040.0,1070.0,1080.0,0.6666666666666666,45.999999999999986,9216.521739130436,0.9165600848849307,PM,8,normal,False,False
D7_I10_E,L10E-002,93,103,465.0,490.0,515.0,0.8333333333333333,44.404999999999994,5875.8,0.9445340624947255,AM,10,normal,False,False
D7_I10_E,L10E-002,163,233,815.0,890.0,1165.0,5.833333333333333,39.595,5996.4,0.9639204963312862,MD,70,normal,False,False
D7_I10_E,L10E-028,158,233,790.0,1050.0,1165.0,6.25,24.495652173913054,4354.434782608696,0.8678941555970126,PM,75,long,False,False
D7_I10_E,L10E-069,152,234,760.0,1045.0,1170.0,6.833333333333333,23.823809523809523,6587.428571428572,0.8845452798099548,PM,82,long,False,False
D7_I10_E,L10E-073,94,106,470.0,495.0,530.0,1.0,38.595652173913045,4694.086956521739,0.8361155060534037,AM,12,normal,False,False
D7_I10_E,L10E-073,151,236,755.0,1075.0,1180.0,7.083333333333333,28.74347826086957,5196.0,0.9255167638975045,PM,85,long,False,False
D7_I10_E,L10E-100,195,208,975.0,995.0,1040.0,1.0833333333333333,47.67391304347826,5837.217391304348,0.8828126911031451,PM,13,normal,False,False
D7_I10_E,L10E-106,165,228,825.0,960.0,1140.0,5.25,35.71000000000001,5001.9,0.8940420966045918,PM,63,normal,False,False
D7_I10_E,L10E-169,159,246,795.0,1055.0,1230.0,7.25,16.221739130434784,5203.826086956522,0.897427880278766,PM,87,long,False,False
D7_I10_E,L10E-178,164,237,820.0,1050.0,1185.0,6.083333333333333,25.33333333333333,4392.571428571428,0.8271590524525584,PM,73,long,False,False
D7_I10_E,L10E-187,164,245,820.0,1050.0,1225.0,6.75,15.582608695652173,5046.260869565217,0.8924777468812414,PM,81,long,False,False
D7_I10_E,L10E-214,157,235,785.0,1050.0,1175.0,6.5,16.104347826086958,4453.04347826087,0.8394092565155025,PM,78,long,False,False
D7_I10_E,L10E-216,159,240,795.0,975.0,1200.0,6.75,16.922727272727276,5234.727272727273,0.9092412047232792,PM,81,long,False,False
D7_I10_E,L10E-217,149,237,745.0,1045.0,1185.0,7.333333333333333,17.317391304347826,4668.260869565218,0.8891293686957896,PM,88,long,False,False
D7_I10_E,L10E-221,94,107,470.0,495.0,535.0,1.0833333333333333,32.660869565217396,4612.434782608696,0.8358609448098241,AM,13,normal,False,False
D7_I10_E,L10E-221,149,241,745.0,1075.0,1205.0,7.666666666666666,18.139130434782608,5184.521739130434,0.9395339866042893,PM,92,long,False,False
D7_I10_E,L10E-222,150,235,750.0,1050.0,1175.0,7.083333333333333,25.26956521739131,4693.565217391304,0.8985033766288245,PM,85,long,False,False
D7_I10_E,L10E-233,144,247,720.0,1055.0,1235.0,8.583333333333332,29.10909090909091,8073.545454545454,0.9632658692544653,PM,103,allday_below_cutoff,False,False
D7_I10_E,L10E-303,92,107,460.0,495.0,535.0,1.25,38.90666666666666,5945.733333333334,0.933026627654731,AM,15,normal,False,False
D7_I10_E,L10E-303,154,235,770.0,895.0,1175.0,6.75,30.242222222222225,5613.6,0.8809070275047538,MD,81,long,False,False
D7_I10_E,L10E-304,93,104,465.0,490.0,520.0,0.9166666666666666,43.621739130434776,6180.521739130435,0.9619823690703909,AM,11,normal,False,False
D7_I10_E,L10E-304,161,234,805.0,920.0,1170.0,6.083333333333333,38.726086956521755,5958.782608695652,0.9274692416978672,PM,73,long,False,False
D7_I10_E,L10E-308,92,108,460.0,495.0,540.0,1.3333333333333333,35.652173913043484,5607.130434782609,0.9182228837171152,AM,16,normal,False,False
D7_I10_E,L10E-308,153,235,765.0,895.0,1175.0,6.833333333333333,26.14782608695653,5312.086956521739,0.8699066056169916,MD,82,long,False,False
D7_I10_E,L10E-311,72,89,360.0,400.0,445.0,1.4166666666666665,36.49565217391304,5204.869565217391,0.7987870863288182,AM,17,normal,False,False
D7_I10_E,L10E-326,177,228,885.0,1005.0,1140.0,4.25,37.27142857142858,5797.714285714285,0.9497123296454677,PM,51,normal,False,False
D7_I10_E,L10E-331,171,228,855.0,1005.0,1140.0,4.75,26.68636363636363,4355.454545454545,0.8659421743661596,PM,57,normal,False,False
D7_I10_E,L10E-333,178,228,890.0,1010.0,1140.0,4.166666666666666,30.27142857142857,4224.857142857143,0.8881001072062414,PM,50,normal,False,False
D7_I10_E,L10E-337,172,229,860.0,1015.0,1145.0,4.75,24.295652173913044,4890.521739130434,0.8123753887567454,PM,57,normal,False,False
D7_I10_E,L10E-349,154,238,770.0,955.0,1190.0,7.0,18.03157894736842,5875.578947368421,0.846783057239094,PM,84,long,False,False
D7_I10_E,L10E-351,94,104,470.0,500.0,520.0,0.8333333333333333,44.15652173913045,5346.782608695652,0.9042614911049629,AM,10,normal,False,False
D7_I10_E,L10E-351,158,232,790.0,960.0,1160.0,6.166666666666666,22.94347826086957,5119.304347826086,0.8657897883218086,PM,74,long,False,False
D7_I10_W,L10W-001,72,94,360.0,375.0,470.0,1.8333333333333333,36.41428571428572,5482.285714285715,0.8338102495042897,AM,22,normal,False,False
D7_I10_W,L10W-001,100,106,500.0,515.0,530.0,0.5,45.028571428571425,5184.0,0.788443462945895,AM,6,normal,False,False
D7_I10_W,L10W-068,76,107,380.0,495.0,535.0,2.583333333333333,38.0,5276.608695652174,0.8704618349371629,AM,31,normal,False,False
D7_I10_W,L10W-071,72,123,360.0,460.0,615.0,4.25,28.60869565217391,5480.869565217391,0.9271447780037658,AM,51,normal,False,False
D7_I10_W,L10W-084,72,138,360.0,440.0,690.0,5.5,18.460869565217394,4676.086956521739,0.7322049683732387,AM,66,normal,False,False
D7_I10_W,L10W-086,72,111,360.0,475.0,555.0,3.25,37.66666666666667,5654.0,0.8513312887156982,AM,39,normal,False,False
D7_I10_W,L10W-099,72,117,360.0,475.0,585.0,3.75,39.571428571428584,4697.142857142857,0.8389629927504207,AM,45,normal,False,False
D7_I10_W,L10W-107,72,132,360.0,425.0,660.0,5.0,28.28695652173913,4761.391304347826,0.7513996114557565,AM,60,normal,False,False
D7_I10_W,L10W-109,72,133,360.0,390.0,665.0,5.083333333333333,31.05652173913044,4913.217391304348,0.7714682104223168,AM,61,normal,False,False
D7_I10_W,L10W-124,96,112,480.0,490.0,560.0,1.3333333333333333,44.765217391304354,5261.739130434783,0.8762391485579416,AM,16,normal,False,False
D7_I10_W,L10W-147,89,125,445.0,475.0,625.0,3.0,27.721739130434784,4972.695652173913,0.8309883407915358,AM,36,normal,False,False
D7_I10_W,L10W-147,209,215,1045.0,1055.0,1075.0,0.5,46.02173913043478,5147.478260869565,0.8601963036669072,PM,6,normal,False,False
D7_I10_W,L10W-169,74,120,370.0,450.0,600.0,3.833333333333333,35.982608695652175,5478.260869565217,0.925106871870055,AM,46,normal,False,False
D7_I10_W,L10W-221,71,120,355.0,370.0,600.0,4.083333333333333,34.17826086956522,5884.434782608696,0.872387131506646,AM,49,normal,False,False
D7_I10_W,L10W-232,72,114,360.0,385.0,570.0,3.5,35.03636363636364,4812.0,0.8613585680865773,AM,42,normal,False,False
D7_I10_W,L10W-248,72,118,360.0,405.0,590.0,3.833333333333333,38.063636363636355,4778.727272727273,0.8424131612993798,AM,46,normal,False,False
D7_I10_W,L10W-262,77,144,385.0,460.0,720.0,5.583333333333333,34.80434782608696,5695.04347826087,0.8305171986792986,AM,67,normal,False,False
D7_I10_W,L10W-291,76,83,380.0,395.0,415.0,0.5833333333333333,46.400000000000006,5698.695652173913,0.9391598936378313,AM,7,normal,False,False
D7_I10_W,L10W-291,84,106,420.0,495.0,530.0,1.8333333333333333,39.634782608695645,5272.695652173913,0.8689539835297709,AM,22,normal,False,False
D7_I10_W,L10W-292,76,82,380.0,395.0,410.0,0.5,45.661904761904765,5698.857142857143,0.9665445523444012,AM,6,normal,False,False
D7_I10_W,L10W-292,85,108,425.0,500.0,540.0,1.9166666666666665,40.48095238095238,5584.0,0.9470644104591885,AM,23,normal,False,False
D7_I10_W,L10W-296,70,168,350.0,450.0,840.0,8.166666666666666,17.16875,5568.0,0.737091467252845,AM,98,allday_below_cutoff,False,False
D7_I10_W,L10W-296,175,183,875.0,895.0,915.0,0.6666666666666666,47.01875,6080.25,0.8049030879605085,MD,8,normal,False,False
D7_I10_W,L10W-296,194,201,970.0,985.0,1005.0,0.5833333333333333,44.2625,6411.0,0.8486877508186045,PM,7,normal,False,False
D7_I10_W,L10W-296,207,215,1035.0,1045.0,1075.0,0.6666666666666666,42.50625000000001,6390.0,0.8459077722244397,PM,8,normal,False,False
D7_I10_W,L10W-301,72,123,360.0,450.0,615.0,4.25,28.347826086956523,5304.521739130435,0.8936281858082141,AM,51,normal,False,False
D7_I10_W,L10W-302,76,87,380.0,400.0,435.0,0.9166666666666666,45.94782608695651,6816.521739130435,0.9930075245116667,AM,11,normal,False,False
D7_I10_W,L10W-302,99,106,495.0,510.0,530.0,0.5833333333333333,44.98695652173912,6274.95652173913,0.9141141597628638,AM,7,normal,False,False
D7_I10_W,L10W-312,74,120,370.0,455.0,600.0,3.833333333333333,35.21739130434783,5736.0,0.9413481211354231,AM,46,normal,False,False
D7_I10_W,L10W-315,75,124,375.0,450.0,620.0,4.083333333333333,31.90869565217392,5448.782608695652,0.9119407611804102,AM,49,normal,False,False
D7_I10_W,L10W-371,72,95,360.0,390.0,475.0,1.9166666666666665,36.26521739130435,5429.217391304348,0.8317005302630375,AM,23,normal,False,False
D7_I10_W,L10W-371,101,113,505.0,520.0,565.0,1.0,45.27826086956523,5246.086956521739,0.8036468221982358,AM,12,normal,False,False
D7_I10_W,L10W-377,77,110,385.0,445.0,550.0,2.75,35.72352941176471,2919.529411764706,0.706242545478451,AM,33,normal,False,False
D7_I10_W,L10W-383,72,119,360.0,375.0,595.0,3.9166666666666665,41.62608695652173,6355.565217391304,0.8879107038012549,AM,47,normal,False,False
D7_I10_W,L10W-385,74,82,370.0,380.0,410.0,0.6666666666666666,46.290909090909096,6622.363636363636,0.9039249372274348,AM,8,normal,False,False
D7_I10_W,L10W-388,72,113,360.0,475.0,565.0,3.4166666666666665,34.36190476190476,4484.042857142857,0.8070531886884047,AM,41,normal,False,False
D7_I10_W,L10W-395,71,113,355.0,455.0,565.0,3.5,35.214285714285715,4580.285714285715,0.8524747078608368,AM,42,normal,False,False
D7_I210_E,L210E-008,148,238,740.0,1040.0,1190.0,7.5,15.952173913043476,5488.434782608696,0.8432907699762994,PM,90,long,False,False
D7_I210_E,L210E-009,148,236,740.0,1040.0,1180.0,7.333333333333333,17.513043478260872,4691.739130434782,0.743859283413489,PM,88,long,False,False
D7_I210_E,L210E-042,98,111,490.0,515.0,555.0,1.0833333333333333,40.595652173913045,4161.130434782609,0.877763060653202,AM,13,normal,False,False
D7_I210_E,L210E-042,170,204,850.0,955.0,1020.0,2.833333333333333,40.00869565217392,4079.478260869565,0.8605390723148876,PM,34,normal,False,False
D7_I210_E,L210E-046,91,98,455.0,470.0,490.0,0.5833333333333333,40.89000000000001,4908.9,0.9314093806921676,AM,7,normal,False,False
D7_I210_E,L210E-065,92,121,460.0,525.0,605.0,2.4166666666666665,28.180952380952384,4112.571428571428,0.8220576913851279,AM,29,normal,False,False
D7_I210_E,L210E-070,90,118,450.0,515.0,590.0,2.333333333333333,36.25909090909091,5692.636363636364,0.856745769835719,AM,28,normal,False,False
D7_I210_E,L210E-128,174,234,870.0,1035.0,1170.0,5.0,22.670588235294115,4544.470588235294,0.8523669467508971,PM,60,normal,False,False
D7_I210_E,L210E-139,162,240,810.0,1055.0,1200.0,6.5,19.513043478260865,4905.913043478261,0.9561175303635697,PM,78,long,False,False
D7_I210_E,L210E-141,158,241,790.0,950.0,1205.0,6.916666666666666,29.41833333333334,5179.4,0.9591190193483012,PM,83,long,False,False
D7_I210_E,L210E-145,164,222,820.0,920.0,1110.0,4.833333333333333,36.42173913043477,6980.086956521739,0.9468343841330134,PM,58,normal,False,False
D7_I210_E,L210E-170,159,229,795.0,950.0,1145.0,5.833333333333333,26.930434782608696,6336.521739130435,0.8811637020048743,PM,70,normal,False,False
D7_I210_E,L210E-220,169,198,845.0,940.0,990.0,2.4166666666666665,43.09130434782609,5950.695652173913,0.9436381883271985,PM,29,normal,False,False
D7_I210_E,L210E-220,200,229,1000.0,1040.0,1145.0,2.4166666666666665,41.443478260869554,5927.478260869565,0.9399564646517297,PM,29,normal,False,False
D7_I210_E,L210E-224,167,197,835.0,850.0,985.0,2.5,44.89130434782609,5768.869565217391,0.960538186322864,MD,30,normal,False,False
D7_I210_E,L210E-224,201,214,1005.0,1035.0,1070.0,1.0833333333333333,45.86086956521739,5910.260869565217,0.9840803630881254,PM,13,normal,False,False
D7_I210_E,L210E-224,220,235,1100.0,1125.0,1175.0,1.25,45.108695652173914,5633.739130434782,0.9380384675693484,PM,15,normal,False,False
D7_I210_E,L210E-231,157,242,785.0,945.0,1210.0,7.083333333333333,27.46190476190476,5561.714285714285,0.9168551857707994,PM,85,long,False,False
D7_I210_E,L210E-237,166,230,830.0,950.0,1150.0,5.333333333333333,28.863636363636367,5180.181818181818,0.862401666504726,PM,64,normal,False,False
D7_I210_E,L210E-245,164,240,820.0,1055.0,1200.0,6.333333333333333,19.059090909090912,4947.818181818182,0.8524967318295834,PM,76,long,False,False
D7_I210_E,L210E-304,176,204,880.0,925.0,1020.0,2.333333333333333,47.11304347826088,7073.217391304348,0.8857791190819835,PM,28,normal,False,False
D7_I210_E,L210E-304,206,212,1030.0,1040.0,1060.0,0.5,48.57391304347826,7271.217391304348,0.910574662025969,PM,6,normal,False,False
D7_I210_E,L210E-314,163,233,815.0,960.0,1165.0,5.833333333333333,36.19500000000001,5417.4,0.8576369248363731,PM,70,normal,False,False
D7_I210_E,L210E-319,163,235,815.0,1050.0,1175.0,6.0,15.490909090909096,5106.545454545455,0.8081202184565959,PM,72,normal,False,False
D7_I210_W,L210W-001,89,117,445.0,480.0,585.0,2.333333333333333,25.995454545454542,5917.636363636364,0.8201663087715612,AM,28,normal,False,False
D7_I210_W,L210W-001,185,217,925.0,985.0,1085.0,2.6666666666666665,40.940909090909095,5748.0,0.7966552273789944,PM,32,normal,False,False
D7_I210_W,L210W-022,212,221,1060.0,1090.0,1105.0,0.75,45.36521739130436,4900.695652173913,0.8609544376092175,PM,9,normal,False,False
D7_I210_W,L210W-028,101,110,505.0,525.0,550.0,0.75,39.72173913043479,4196.347826086957,0.8495917354149722,AM,9,normal,False,False
D7_I210_W,L210W-108,72,133,360.0,395.0,665.0,5.083333333333333,24.045454545454536,5667.545454545454,0.8303505285138559,AM,61,normal,False,False
D7_I210_W,L210W-112,71,142,355.0,450.0,710.0,5.916666666666666,15.568181818181818,4953.545454545454,0.833269869699219,AM,71,normal,False,False
D7_I210_W,L210W-113,71,138,355.0,440.0,690.0,5.583333333333333,13.808695652173911,5088.260869565218,0.8365256117080134,AM,67,normal,False,False
D7_I210_W,L210W-129,77,147,385.0,490.0,735.0,5.833333333333333,18.868181818181817,4993.636363636364,0.8713757123651117,AM,70,normal,False,False
D7_I210_W,L210W-129,182,224,910.0,1040.0,1120.0,3.5,37.24545454545454,5245.909090909091,0.9153966044425409,PM,42,normal,False,False
D7_I210_W,L210W-132,76,129,380.0,450.0,645.0,4.416666666666666,26.430434782608703,5061.913043478261,0.8394977550227527,AM,53,normal,False,False
D7_I210_W,L210W-141,78,100,390.0,415.0,500.0,1.8333333333333333,38.712,4570.08,0.8931452672024974,AM,22,normal,False,False
D7_I210_W,L210W-143,72,87,360.0,380.0,435.0,1.25,30.181818181818183,4091.4545454545455,0.6482955557053639,AM,15,normal,False,False
D7_I210_W,L210W-143,99,132,495.0,590.0,660.0,2.75,37.98636363636364,5207.727272727273,0.825170219716966,MD,33,normal,False,False
D7_I210_W,L210W-150,88,156,440.0,495.0,780.0,5.666666666666666,32.178260869565214,6269.739130434783,0.7974742556237796,AM,68,normal,False,False
D7_I210_W,L210W-150,162,231,810.0,975.0,1155.0,5.75,20.90434782608696,5825.217391304348,0.7409336826195805,PM,69,normal,False,False
D7_I210_W,L210W-154,76,131,380.0,455.0,655.0,4.583333333333333,21.117391304347827,4708.434782608696,0.8012401487503735,AM,55,normal,False,False
D7_I210_W,L210W-155,76,140,380.0,465.0,700.0,5.333333333333333,18.456521739130437,4513.565217391304,0.7966179419981841,AM,64,normal,False,False
D7_I210_W,L210W-155,183,223,915.0,1050.0,1115.0,3.333333333333333,40.15217391304349,5002.95652173913,0.8829926535453227,PM,40,normal,False,False
D7_I210_W,L210W-182,72,135,360.0,400.0,675.0,5.25,22.00869565217391,5664.0,0.838174946629658,AM,63,normal,False,False
D7_I210_W,L210W-182,136,143,680.0,705.0,715.0,0.5833333333333333,49.61304347826086,5872.173913043478,0.8689811186732499,MD,7,normal,False,False
D7_I210_W,L210W-211,80,130,400.0,465.0,650.0,4.166666666666666,24.860869565217396,5537.739130434783,0.8420855541151439,AM,50,normal,False,False
D7_I210_W,L210W-211,193,217,965.0,1040.0,1085.0,2.0,43.360869565217385,5808.521739130435,0.8832615860150645,PM,24,normal,False,False
D7_I210_W,L210W-221,185,220,925.0,1010.0,1100.0,2.9166666666666665,35.291304347826085,5769.391304347826,0.957078599365929,PM,35,normal,False,False
D7_I210_W,L210W-222,72,134,360.0,405.0,670.0,5.166666666666666,28.204347826086952,5719.826086956522,0.8449560064864998,AM,62,normal,False,False
D7_I210_W,L210W-222,208,216,1040.0,1050.0,1080.0,0.6666666666666666,46.80434782608697,5930.347826086956,0.8760551352484538,PM,8,normal,False,False
D7_I210_W,L210W-233,72,143,360.0,405.0,715.0,5.916666666666666,18.436363636363637,5475.272727272727,0.8487162089323196,AM,71,normal,False,False
D7_I210_W,L210W-234,72,135,360.0,410.0,675.0,5.25,24.800000000000004,4372.941176470588,0.8311380957076647,AM,63,normal,False,False
D7_I210_W,L210W-251,179,230,895.0,980.0,1150.0,4.25,36.36818181818182,4293.0,0.9640914076983994,PM,51,normal,False,False
D7_I210_W,L210W-256,189,221,945.0,1000.0,1105.0,2.6666666666666665,28.827272727272724,7166.727272727273,0.917826611173748,PM,32,normal,False,False
D7_I210_W,L210W-291,71,144,355.0,445.0,720.0,6.083333333333333,13.681818181818182,5047.636363636364,0.8202577243742589,AM,73,long,False,False
D7_I210_W,L210W-299,76,128,380.0,455.0,640.0,4.333333333333333,21.75217391304348,4575.130434782609,0.7770973830897797,AM,52,normal,False,False
D7_I210_W,L210W-299,130,137,650.0,670.0,685.0,0.5833333333333333,46.68260869565218,4994.608695652174,0.8483468181455651,MD,7,normal,False,False
D7_I210_W,L210W-301,75,144,375.0,475.0,720.0,5.75,18.270000000000003,4752.6,0.8439879576418418,AM,69,normal,False,False
D7_I210_W,L210W-301,191,223,955.0,1030.0,1115.0,2.6666666666666665,42.19,5182.8,0.9203847971354916,PM,32,normal,False,False
D7_I210_W,L210W-305,73,146,365.0,400.0,730.0,6.083333333333333,37.717391304347835,6006.521739130435,0.8918555864052158,AM,73,long,False,False
D7_I210_W,L210W-305,207,217,1035.0,1040.0,1085.0,0.8333333333333333,46.66739130434783,6084.521739130435,0.9034371204045712,PM,10,normal,False,False
D7_I405_N,L405N-069,73,132,365.0,515.0,660.0,4.916666666666666,30.877777777777784,4823.333333333333,0.7997780298156364,AM,59,normal,False,False
D7_I405_N,L405N-069,208,218,1040.0,1075.0,1090.0,0.8333333333333333,43.40000000000001,5239.333333333333,0.8687568122074757,PM,10,normal,False,False
D7_I405_N,L405N-076,74,134,370.0,390.0,670.0,5.0,34.595000000000006,6877.8,0.926803316861142,AM,60,normal,False,False
D7_I405_N,L405N-076,137,144,685.0,705.0,720.0,0.5833333333333333,45.92,6669.0,0.8986669167680008,MD,7,normal,False,False
D7_I405_N,L405N-076,161,168,805.0,825.0,840.0,0.5833333333333333,45.86000000000001,6319.8,0.8516112131639544,MD,7,normal,False,False
D7_I405_N,L405N-076,176,223,880.0,1060.0,1115.0,3.9166666666666665,37.09,6499.8,0.8758667304856278,PM,47,normal,False,False
D7_I405_N,L405N-098,72,227,360.0,925.0,1135.0,12.916666666666666,30.505263157894735,5496.947368421053,0.7470959739565787,PM,155,allday_below_cutoff,False,False
D7_I405_N,L405N-115,172,236,860.0,1000.0,1180.0,5.333333333333333,22.700000000000003,6829.411764705883,0.7841780031383332,PM,64,normal,False,False
D7_I405_N,L405N-122,151,240,755.0,1025.0,1200.0,7.416666666666666,20.855,6787.8,0.8536827851202782,PM,89,long,False,False
D7_I405_N,L405N-129,70,124,350.0,505.0,620.0,4.5,17.64736842105263,4936.421052631579,0.7954341914578348,AM,54,normal,False,False
D7_I405_N,L405N-129,195,226,975.0,1050.0,1130.0,2.583333333333333,25.184210526315795,4943.0526315789475,0.7965027762851514,PM,31,normal,False,False
D7_I405_N,L405N-135,74,180,370.0,525.0,900.0,8.833333333333332,9.35,4886.0,0.7020084683543031,AM,106,allday_below_cutoff,False,False
D7_I405_N,L405N-215,93,105,465.0,500.0,525.0,1.0,47.22307692307693,5279.384615384615,0.8854987833294197,AM,12,normal,False,False
D7_I405_N,L405N-215,168,229,840.0,1050.0,1145.0,5.083333333333333,27.684615384615384,4650.461538461538,0.7800109926122419,PM,61,normal,False,False
D7_I405_N,L405N-241,73,156,365.0,465.0,780.0,6.916666666666666,10.365000000000002,5398.2,0.7557354245625353,AM,83,long,False,False
D7_I405_N,L405N-273,168,235,840.0,1070.0,1175.0,5.583333333333333,12.77,4399.8,0.9019441675281651,PM,67,normal,False,False
D7_I405_S,L405S-001,166,218,830.0,1040.0,1150.0,4.333333333333333,24.43,4996.2,0.6687155633970783,PM,52,normal,False,False
D7_I405_S,L405S-061,162,223,810.0,965.0,1115.0,5.083333333333333,32.33888888888888,4615.666666666666,0.8309010959469643,PM,61,normal,False,False
D7_I405_S,L405S-073,96,108,480.0,515.0,540.0,1.0,41.32777777777778,6552.666666666667,0.9005661866670577,AM,12,normal,False,False
D7_I405_S,L405S-073,143,239,715.0,960.0,1195.0,8.0,31.44444444444445,5616.0,0.771835339961674,PM,96,long,False,False
D7_I405_S,L405S-084,148,251,740.0,1010.0,1255.0,8.583333333333332,22.986666666666665,5588.0,0.778300296890643,PM,103,allday_below_cutoff,False,False
D7_I405_S,L405S-087,138,250,690.0,1030.0,1250.0,9.333333333333332,19.16764705882353,4919.470588235294,0.6870524005305758,PM,112,allday_below_cutoff,False,False
D7_I405_S,L405S-231,218,231,1090.0,1130.0,1155.0,1.0833333333333333,45.475,5909.4,0.8810446582921653,PM,13,normal,False,False
D7_I405_S,L405S-234,186,235,930.0,1000.0,1175.0,4.083333333333333,39.30526315789474,6447.789473684211,0.9703251953315278,PM,49,normal,False,False
D7_I405_S,L405S-336,87,117,435.0,500.0,585.0,2.5,37.315789473684205,6551.368421052632,0.7950584202764809,AM,30,normal,False,False
D7_I405_S,L405S-336,205,221,1025.0,1055.0,1105.0,1.3333333333333333,42.121052631578955,7054.421052631578,0.856107685845768,PM,16,normal,False,False
D7_I405_S,L405S-392,102,114,510.0,530.0,570.0,1.0,39.47,6519.3,0.9127615668198508,AM,12,normal,False,False
D7_I405_S,L405S-392,138,252,690.0,1045.0,1260.0,9.5,10.245,4730.4,0.6622992216472047,PM,114,allday_below_cutoff,False,False
D7_I405_S,L405S-417,73,158,365.0,475.0,790.0,7.083333333333333,18.885,5760.0,0.7671947523878936,AM,85,long,False,False
D7_I405_S,L405S-425,96,108,480.0,510.0,540.0,1.0,26.13684210526316,5101.578947368422,0.854912079793911,AM,12,normal,False,False
D7_I405_S,L405S-425,147,242,735.0,895.0,1210.0,7.916666666666666,12.005263157894737,3706.1052631578946,0.6210614774658829,MD,95,long,False,False
